first_name,last_name,company_name,address,city,state,post,phone1,phone2,email,web
Aaron,Kloska,"Radecker, H Philip Jr",423 S Navajo St #56,Brookhill,QL,4816,07-9896-4827,0473-600-733,aaron_kloska@kloska.net.au,http://www.radeckerhphilipjr.com.au
Adelaide,Ender,Williams Design Group,175 N Central Ave,Greenslopes,QL,4120,07-7538-5504,0473-505-816,aender@gmail.com,http://www.williamsdesigngroup.com.au
Adrianna,Poncio,H T Communications Group Ltd,9 34th Ave #69,Bethania,QL,4205,07-6113-9653,0432-130-553,adrianna@poncio.com.au,http://www.htcommunicationsgroupltd.com.au
Albert,Sonier,Quartzite Processing Inc,4 Brookcrest Dr #7786,Inverlaw,QL,4610,07-9354-2612,0420-575-355,albert.sonier@gmail.com,http://www.quartziteprocessinginc.com.au
Alberta,Motter,Turl Engineering Works,33108 S Yosemite Ct,Port Melbourne,VI,3207,03-1248-8221,0491-832-907,alberta_motter@hotmail.com,http://www.turlengineeringworks.com.au
Aleta,Poarch,Barrett Burke Wilson Castl,5 Liberty Ave,Fosterville,VI,3557,03-2691-1298,0419-138-629,apoarch@gmail.com,http://www.barrettburkewilsoncastl.com.au
Alexis,Morguson,Carrera Casting Corp,9 Old York Rd #418,Weetulta,SA,5573,08-1895-1457,0475-760-952,amorguson@morguson.com.au,http://www.carreracastingcorp.com.au
Alfred,Pacleb,Roundys Pole Fence Co,523 N Prince St,Willunga,SA,5172,08-9450-7978,0453-896-533,alfred@pacleb.net.au,http://www.roundyspolefenceco.com.au
Alica,Alerte,Valley Hi Bank,9892 Hernando W,Grevillia,NS,2474,02-6974-7785,0423-831-803,aalerte@alerte.com.au,http://www.valleyhibank.com.au
Alonso,Popper,Sunrise Cirby Animal Hospital,3175 Northwestern Hwy,Ridgley,TA,7321,03-7036-7071,0448-235-525,alonso_popper@hotmail.com,http://www.sunrisecirbyanimalhospital.com.au
Alonzo,Polek,Braid Electric Co,8 S Plaza Dr,Tubbut,VI,3888,03-2403-7167,0419-100-429,alonzo_polek@polek.net.au,http://www.braidelectricco.com.au
Alysa,Lehoux,Signs Of The Times,186 Geary Blvd #923,Trungley Hall,NS,2666,02-1385-3480,0475-366-466,alysa@hotmail.com,http://www.signsofthetimes.com.au
Anastacia,Carranzo,Debbies Golden Touch,654 Se 29th St,Waratah West,NS,2298,02-6078-3417,0481-193-115,anastacia@yahoo.com,http://www.debbiesgoldentouch.com.au
Andrew,Keks,Anthonys,51 Bridge Ave,Carwarp,VI,3494,03-5251-3153,0499-155-325,andrew@gmail.com,http://www.anthonys.com.au
Anna,Ovit,Georgia Business Machines,722 E Liberty St,Bygalorie,NS,2669,02-4649-5341,0459-496-184,anna.ovit@hotmail.com,http://www.georgiabusinessmachines.com.au
Annette,Breyer,Xyvision Inc,26921 Vassar St,Daradgee,QL,4860,07-5417-9612,0484-806-405,abreyer@hotmail.com,http://www.xyvisioninc.com.au
Anthony,Stever,Burton & Davis,91114 Grand Ave,Hunchy,QL,4555,07-7092-8542,0495-801-419,anthony.stever@hotmail.com,http://www.burtondavis.com.au
Antonio,Eighmy,Corporex Companies Inc,1758 Park Pl,Eaglemont,VI,3084,03-6144-7318,0438-100-197,antonio.eighmy@yahoo.com,http://www.corporexcompaniesinc.com.au
Ariel,Stavely,Grand Rapids Right To Life,6 7th St,Scottsdale,TA,7260,03-6510-4788,0441-579-823,ariel_stavely@stavely.com.au,http://www.grandrapidsrighttolife.com.au
Arthur,Diniz,American Western Mortgage,79819 Palmetto Ave,Travancore,VI,3032,03-2517-3453,0429-206-122,arthur@gmail.com,http://www.americanwesternmortgage.com.au
Barabara,Amedro,Unicircuit Inc,95412 16th St #6,Yallah,NS,2530,02-3449-6894,0467-209-469,barabara@amedro.net.au,http://www.unicircuitinc.com.au
Barb,Latina,Die Craft Stamping,1 National Plac #6619,Larrakeyah,NT,820,08-8506-7259,0443-657-148,blatina@hotmail.com,http://www.diecraftstamping.com.au
Barrie,Nicley,Paragon Cable Tv,4129 Abbott Dr,Fish Creek,VI,3959,03-6443-2786,0455-270-505,bnicley@nicley.com.au,http://www.paragoncabletv.com.au
Ben,Majorga,Voyager Travel Service,13904 S 35th St,Wherrol Flat,NS,2429,02-8171-9051,0462-648-621,ben.majorga@hotmail.com,http://www.voyagertravelservice.com.au
Ben,Kellman,"Anderson, Julie A Esq",30024 Whipple Ave Nw,Berrilee,NS,2159,02-7968-9243,0441-733-809,ben_kellman@kellman.net.au,http://www.andersonjulieaesq.com.au
Breana,Cassi,Gormley Lore Murphy,405 W Lee St,Stonehaven,VI,3221,03-2305-8627,0495-644-883,breana@yahoo.com,http://www.gormleyloremurphy.com.au
Brent,Ahlborn,Apex Bottle Co,86351 Pine Ave,Oaklands Park,SA,5046,08-4563-9520,0492-994-709,bahlborn@ahlborn.com.au,http://www.apexbottleco.com.au
Brice,Bogacz,"Thurmon, Steven P",76 San Pablo Ave,Sedan,SA,5353,08-5203-2193,0467-821-930,bbogacz@hotmail.com,http://www.thurmonstevenp.com.au
Brigette,Breckenstein,"Blewett, Yvonne S",971 Northwest Blvd,Caniambo,VI,3630,03-5722-3451,0462-308-800,brigette@breckenstein.com.au,http://www.blewettyvonnes.com.au
Brittney,Lolley,Brown Chiropractic,2391 Pacific Blvd,Ulverstone,TA,7315,03-4072-7094,0451-120-660,brittney@lolley.net.au,http://www.brownchiropractic.com.au
Camellia,Pylant,"Blackley, William J Pa",570 W Pine St,Tuggerawong,NS,2259,02-5171-4345,0423-446-913,camellia_pylant@gmail.com,http://www.blackleywilliamjpa.com.au
Carri,Palaspas,"Alexander, David T Esq",51255 Tea Town Rd #9,Minnenooka,WA,6532,08-6069-1579,0499-165-889,carri_palaspas@palaspas.net.au,http://www.alexanderdavidtesq.com.au
Cassie,Soros,A B C Tank Co,67765 W 11th St,Yelverton,WA,6280,08-2666-6390,0423-281-356,csoros@gmail.com,http://www.abctankco.com.au
Cassie,Digregorio,"Musgrave, R Todd Esq",8650 S Valley View Bld #6941,Condobolin,NS,2877,02-7922-5417,0433-677-495,cdigregorio@digregorio.net.au,http://www.musgravertoddesq.com.au
Catherin,Aguele,"Hanna, Robert J Esq",75962 E Drinker St,Sunny Nook,QL,4605,07-6476-1399,0444-150-950,caguele@gmail.com,http://www.hannarobertjesq.com.au
Charolette,Turk,Weil Mclain Co,1 Wyckoff Ave,Wilmington,SA,5485,08-4735-5054,0430-400-899,cturk@yahoo.com,http://www.weilmclainco.com.au
Cherilyn,Fraize,Witchs Brew,84826 Plaza Dr,Rose Bay North,NS,2030,02-4873-1914,0468-743-337,cherilyn_fraize@fraize.net.au,http://www.witchsbrew.com.au
Christiane,Osmanski,"Bennett, Matthew T Esq",85 Nw Frontage Rd,Williamstown,WA,6430,08-9693-9052,0418-813-310,christiane@gmail.com,http://www.bennettmatthewtesq.com.au
Clare,Bortignon,Sparta Home Center,73 Dennison St #70,Herron,WA,6210,08-9256-6135,0423-874-910,clare_bortignon@hotmail.com,http://www.spartahomecenter.com.au
Claudia,Gawrych,Abe Goldstein Ofc Furn,3 Wall St #26,Lilli Pilli,NS,2229,02-4246-3092,0465-885-293,claudia@gmail.com,http://www.abegoldsteinofcfurn.com.au
Corrina,Lindblom,Progressive Machine Co,1 Westpark Dr,Salter Point,WA,6152,08-7915-5110,0463-118-373,clindblom@gmail.com,http://www.progressivemachineco.com.au
Craig,Vandersloot,Maverik Country Stores Inc,3 S Willow St #82,Bygalorie,NS,2669,02-5487-7528,0492-408-109,craig_vandersloot@yahoo.com,http://www.maverikcountrystoresinc.com.au
Crista,Padua,Breathitt Fnrl Home & Mnmt Co,1607 Laurel St,North Haven,NS,2443,02-9472-5814,0471-602-916,crista_padua@gmail.com,http://www.breathittfnrlhomemnmtco.com.au
Curtis,Ware,American Inst Muscl Studies,51 Greenwood Ave,Ridgewood,WA,6030,08-6278-9532,0484-331-585,curtis@ware.net.au,http://www.americaninstmusclstudies.com.au
Dahlia,Tummons,Bare Bones,6508 Adams St #32,Port Fairy,VI,3284,03-8216-8640,0430-768-907,dahlia.tummons@gmail.com,http://www.barebones.com.au
Dan,Platz,Ny Stat Trial Lawyers Assn,5210 E Airy St #2,Brandy Creek,QL,4800,07-4306-1623,0441-978-907,dan_platz@hotmail.com,http://www.nystattriallawyersassn.com.au
Dana,Vock,"Fried, Monte Esq",49 Walnut St,Yarralumla,AC,2600,02-6689-1150,0411-398-917,dana_vock@yahoo.com,http://www.friedmonteesq.com.au
Darnell,Moothart,Melco Embroidery Systems,40 E 19th Ave,Empire Bay,NS,2257,02-3996-9188,0419-656-117,darnell_moothart@yahoo.com,http://www.melcoembroiderysystems.com.au
Dean,Vollstedt,Ship It Packaging Inc,4 Grand St,Muckleford South,VI,3462,03-6776-1146,0492-559-630,dvollstedt@vollstedt.com.au,http://www.shipitpackaginginc.com.au
Deane,Haag,Malsbary Mfg Co,9 Hamilton Blvd #299,Sydney South,NS,1235,02-9718-2944,0453-828-758,dhaag@hotmail.com,http://www.malsbarymfgco.com.au
Delila,Buchman,Frasier Karen L Kolligs,361 Via Colinas,Redgate,WA,6286,08-1791-7668,0454-544-286,delila.buchman@hotmail.com,http://www.frasierkarenlkolligs.com.au
Delsie,Ducos,F H Overseas Export Inc,17 Kamehameha Hwy,Cavendish,VI,3314,03-1361-8465,0458-548-827,dducos@hotmail.com,http://www.fhoverseasexportinc.com.au
Desiree,Englund,Wrrr Fm,9495 Central Hwy #66,East Bowes,WA,6535,08-5289-4594,0414-731-630,denglund@gmail.com,http://www.wrrrfm.com.au
Desmond,Tarkowski,Body Part Connection,5920 E Arapahoe Rd,Andergrove,QL,4740,07-6793-5954,0445-121-372,desmond_tarkowski@hotmail.com,http://www.bodypartconnection.com.au
Desmond,Amuso,"Carson, Scott W Esq",79 Runamuck Pl,Caparra,NS,2429,02-1706-8506,0427-106-677,desmond@hotmail.com,http://www.carsonscottwesq.com.au
Dexter,Prosienski,Communication Buildings Amer,490 Court St,Nyora,VI,3987,03-2454-6523,0472-707-132,dexter@prosienski.net.au,http://www.communicationbuildingsamer.com.au
Dylan,Chaleun,Berhanu International Foods,5 Montana Ave,Lilydale,QL,4344,07-2319-2889,0412-631-864,dylan_chaleun@hotmail.com,http://www.berhanuinternationalfoods.com.au
Elenor,Siefken,Chateau Sonesta Hotel,136 2nd Ave N,Cairns City,QL,4870,07-5085-8138,0419-509-353,elenor.siefken@yahoo.com,http://www.chateausonestahotel.com.au
Elenora,Handler,A & A Custom Rubber Stamps,8 Middletown Blvd #708,Wardering,WA,6311,08-5671-3318,0481-367-908,ehandler@yahoo.com,http://www.aacustomrubberstamps.com.au
Elliot,Scatton,Nilad Machining,5 W Allen St,Mccullys Gap,NS,2333,02-3647-9507,0481-878-290,elliot.scatton@hotmail.com,http://www.niladmachining.com.au
Emelda,Geffers,D L Downing General Contr Inc,95431 34th Ave #62,Nedlands,WA,6909,08-7097-3947,0454-643-433,emelda.geffers@gmail.com,http://www.dldowninggeneralcontrinc.com.au
Emmanuel,Avera,Bank Of New York Na,3883 N Central Ave,Appin,NS,2560,02-1987-8525,0498-489-459,emmanuel@yahoo.com,http://www.bankofnewyorkna.com.au
Ena,Desjardiws,"Selsor, Robert J Esq",60562 Ky Rt 321,Bendick Murrell,NS,2803,02-5226-9402,0415-961-606,ena_desjardiws@desjardiws.com.au,http://www.selsorrobertjesq.com.au
Ethan,Quintero,Regent Consultants Corp,2 Ellis Rd,East Damboring,WA,6608,08-8280-9492,0488-425-192,ethan_quintero@quintero.com.au,http://www.regentconsultantscorp.com.au
Eveline,Brickhouse,First Express,288 N 168th Ave #266,Camberwell West,VI,3124,03-9517-9800,0463-242-525,eveline@yahoo.com,http://www.firstexpress.com.au
Felix,Bumby,Epsilon Products Company,82 Tremont St #4,Baddaginnie,VI,3670,03-1431-3996,0485-718-212,felix.bumby@bumby.com.au,http://www.epsilonproductscompany.com.au
Francene,Skursky,"Cullen, Jack J Esq",5 30w W #3083,Hillston,NS,2675,02-5941-3178,0485-944-417,francene.skursky@skursky.net.au,http://www.cullenjackjesq.com.au
Francesco,Kloos,Borough Clerk,82136 Post Rd,Rocky Gully,WA,6397,08-1687-4873,0420-185-206,fkloos@kloos.com.au,http://www.boroughclerk.com.au
Francis,Senters,Middendorf Meat Quality Foods,4562 Aurora Ave N,Heidelberg Rgh,VI,3081,03-5933-7288,0463-965-946,fsenters@gmail.com,http://www.middendorfmeatqualityfoods.com.au
Francoise,Byon,H P Stran & Co,5496 Ne Columbia Blvd,Klemzig,SA,5087,08-3914-9404,0430-357-187,francoise@hotmail.com,http://www.hpstranco.com.au
Frederic,Schimke,Curtis & Curtis Inc,705 Stanwix St,Mount Martha,VI,3934,03-4829-5695,0435-982-307,fschimke@schimke.com.au,http://www.curtiscurtisinc.com.au
Frederick,Tamburello,Signs By Berry,262 8th St,Simpsons Bay,TA,7150,03-4800-7102,0466-921-460,frederick.tamburello@hotmail.com,http://www.signsbyberry.com.au
Genevive,Sanborn,Central Hudson Ent Corp,78 31st St,Bellangry,NS,2446,02-6246-5711,0431-413-930,genevive@hotmail.com,http://www.centralhudsonentcorp.com.au
Gerald,Chrusciel,"Prusax, Maximilian M Esq",76596 Pleasant Hill Rd,Townsville Milpo,QL,4813,07-7446-6315,0426-833-750,gerald@chrusciel.net.au,http://www.prusaxmaximilianmesq.com.au
Gerald,Kloepper,Pleasantville Finance Dept,42 United Dr,Pierces Creek,QL,4355,07-4297-4607,0437-819-518,gerald@yahoo.com,http://www.pleasantvillefinancedept.com.au
Gerardo,Woodka,Morris Downing & Sherred,69206 Jackson Ave,Talmalmo,NS,2640,02-6044-4682,0443-795-912,gerardo_woodka@hotmail.com,http://www.morrisdowningsherred.com.au
Gerri,Perra,"Byrne, Beth Hobbs",15126 Goldenwest St,Toowoomba South,QL,4350,07-6019-7861,0416-887-937,gerri@yahoo.com,http://www.byrnebethhobbs.com.au
Gerry,Mohrmann,Howard Winig Realty Assocs Inc,8 Glenn Way #3,Brockman,WA,6701,08-1399-2471,0490-947-955,gerry_mohrmann@mohrmann.net.au,http://www.howardwinigrealtyassocsinc.com.au
Gianna,Eilers,Cochnower Pest Control,7 Valley Blvd,Buchan,VI,3885,03-4328-5253,0418-994-884,gianna@yahoo.com,http://www.cochnowerpestcontrol.com.au
Gladys,Schmale,Amercn Spdy Printg Ctrs Ocala,514 Glenn Way,Wirrulla,SA,5661,08-4564-2338,0410-812-931,gschmale@schmale.net.au,http://www.amercnspdyprintgctrsocala.com.au
Gracie,Vicente,Central Nebraska Home Care,4 W 18th St,Oxley,VI,3678,03-2444-8291,0420-776-847,gracie.vicente@hotmail.com,http://www.centralnebraskahomecare.com.au
Gwen,Julye,Alphagraphics Printshops,8 Old County Rd #3,Alvie,VI,3249,03-7063-6734,0465-547-766,gjulye@hotmail.com,http://www.alphagraphicsprintshops.com.au
Hailey,Kopet,"Stokes, Fred J Esq",5 France Ave S,Tanbar,QL,4481,07-3799-1667,0443-979-875,hailey_kopet@kopet.com.au,http://www.stokesfredjesq.com.au
Haley,Vaughn,Martin Nighswander & Mitchell,29 Nottingham Way #926,Montrose,VI,3765,03-7035-6484,0430-736-276,haley_vaughn@vaughn.net.au,http://www.martinnighswandermitchell.com.au
Hayley,Taghon,Biltmore Textile Co Inc,72 Wyoming Ave,Eugowra,NS,2806,02-1638-4380,0491-976-291,htaghon@taghon.net.au,http://www.biltmoretextilecoinc.com.au
Hector,Barras,Vernon Manor Hotel,62 J St #450,Combienbar,VI,3889,03-3017-8394,0438-431-666,hector.barras@barras.com.au,http://www.vernonmanorhotel.com.au
Holly,Worland,Lord Aeck & Sargent Architects,2 Route 9,Blue Haven,NS,2262,02-9885-9593,0469-808-491,holly.worland@hotmail.com,http://www.lordaecksargentarchitects.com.au
Huey,Bukovac,Venino And Venino,6 Jefferson St,Middleton,SA,5213,08-5236-2143,0486-924-555,huey.bukovac@hotmail.com,http://www.veninoandvenino.com.au
Idella,Scotland,Artesian Ice & Cold Storage Co,373 Lafayette St,Cartmeticup,WA,6316,08-7868-1355,0451-966-921,idella@hotmail.com,http://www.artesianicecoldstorageco.com.au
Isaiah,Kueter,"Jordan, Mark D Esq",8 W Virginia St,Amphitheatre,VI,3468,03-3725-6290,0494-282-122,ikueter@kueter.com.au,http://www.jordanmarkdesq.com.au
Jackie,Kellebrew,Senior Village Nursing Home,25 Sw End Blvd #609,Coominya,QL,4311,07-9840-6419,0448-206-407,jackie.kellebrew@kellebrew.com.au,http://www.seniorvillagenursinghome.com.au
Jackie,Borchelt,Community Communication Servs,80896 South Ave,Grovedale,VI,3216,03-8055-8668,0423-545-966,jackie_borchelt@hotmail.com,http://www.communitycommunicationservs.com.au
Jacklyn,Wojnar,Nationwide Insurance,16949 Harristown Rd,Summer Hill,NS,2287,02-6287-8787,0434-382-805,jacklyn@hotmail.com,http://www.nationwideinsurance.com.au
Jacquelyne,Rosso,"Barragar, Anne L Esq",6940 Prospect Pl,Caldwell,NS,2710,02-4565-6425,0464-763-350,jacquelyne.rosso@yahoo.com,http://www.barragarannelesq.com.au
Jamal,Korczynski,Helricks Inc,404 Broxton Ave,Bateau Bay,NS,2261,02-3877-9654,0427-970-674,jamal_korczynski@gmail.com,http://www.helricksinc.com.au
Jamie,Kushnir,Bell Electric Co,3216 W Wabansia Ave,Tuggeranong Dc,AC,2901,02-4623-8120,0426-830-817,jamie@kushnir.net.au,http://www.bellelectricco.com.au
Janessa,Ruthers,Mackraft Signs,1255 W Passaic St #1553,Bolivia,NS,2372,02-2367-6845,0410-358-989,janessa@yahoo.com,http://www.mackraftsigns.com.au
Jean,Cecchinato,"Cox, J Thomas Jr",7 Hugh Wallis Rd,Koolan Island,WA,6733,08-5263-2786,0448-530-536,jean.cecchinato@gmail.com,http://www.coxjthomasjr.com.au
Jeffrey,Leuenberger,Walter W Lawrence Ink,564 Almeria Ave #7474,Pedler Creek,SA,5171,08-1267-4421,0436-612-609,jleuenberger@yahoo.com,http://www.walterwlawrenceink.com.au
Jeniffer,Jezek,Sheraton Inn Atlanta Northwest,1089 Pacific Coast Hwy,Myrniong,VI,3341,03-3268-5102,0493-644-827,jeniffer@gmail.com,http://www.sheratoninnatlantanorthwest.com.au
Jerrod,Luening,"Mcmillan, Regina E Esq",6629 Main St,Tea Gardens,NS,2324,02-9554-9632,0451-857-511,jerrod_luening@luening.com.au,http://www.mcmillanreginaeesq.com.au
Jill,Davoren,Broaches Inc,26 Old William Penn Hwy,Boynewood,QL,4626,07-1698-9047,0468-451-905,jill_davoren@davoren.net.au,http://www.broachesinc.com.au
Jodi,Naifeh,"Cahill, Steven J Esq",89 N Himes Ave,Dural,NS,2330,02-6193-5184,0488-646-644,jodi@hotmail.com,http://www.cahillstevenjesq.com.au
Johanna,Saffer,Springer Industrial Equip Inc,750 Lancaster Ave,Campsie,NS,2194,02-5970-1748,0477-424-229,johanna@yahoo.com,http://www.springerindustrialequipinc.com.au
Johnson,Mcenery,Overseas General Business Co,7 Hall St,Nambucca Heads,NS,2448,02-1718-4983,0446-721-262,johnson@gmail.com,http://www.overseasgeneralbusinessco.com.au
Jonelle,Epps,Kvoo Radio,52347 San Fernando Rd,Coppabella,QL,4741,07-8085-8351,0461-339-731,jepps@hotmail.com,http://www.kvooradio.com.au
Juan,Knudtson,Newton Clerk,466 Lincoln Blvd,Clunes,VI,3370,03-9173-6140,0474-730-764,juan@gmail.com,http://www.newtonclerk.com.au
Julian,Laprade,Forsyth Steel Co,5 Pittsburg St,Mungabunda,QL,4718,07-2627-9976,0419-587-898,jlaprade@laprade.net.au,http://www.forsythsteelco.com.au
Juliann,Dammeyer,"Wilheim, Kari A Esq",6 De Belier Rue,Bouvard,WA,6210,08-3562-8644,0492-961-209,juliann@gmail.com,http://www.wilheimkariaesq.com.au
Katheryn,Lamers,Sonoco Products Co,62171 E 6th Ave,Fyshwick,AC,2609,02-4885-1611,0497-455-126,katheryn_lamers@gmail.com,http://www.sonocoproductsco.com.au
Kathrine,Francoise,"Jackson, Brian C",30691 Poplar Ave #4,Indented Head,VI,3223,03-8791-9436,0449-461-650,kathrine@yahoo.com,http://www.jacksonbrianc.com.au
Kathryn,Bonalumi,State Library,86 Worth St #272,Tibradden,WA,6532,08-3071-2258,0455-699-311,kathryn.bonalumi@yahoo.com,http://www.statelibrary.com.au
Katie,Magro,"Jones, Andrew D Esq",8 E North Ave,Pagewood,NS,2035,02-7265-9702,0439-832-641,katie_magro@gmail.com,http://www.jonesandrewdesq.com.au
Katlyn,Flitcroft,"Bill, Michael M",7177 E 14th St,Maleny,QL,4552,07-1778-9968,0465-519-356,kflitcroft@hotmail.com,http://www.billmichaelm.com.au
Kenny,Leicht,Gaddis Court Reporting,245 5th Ave,Nicholls Rivulet,TA,7112,03-6240-8274,0486-712-822,kenny@leicht.com.au,http://www.gaddiscourtreporting.com.au
Kent,Ivans,Demer Normann Smith Ltd,56710 Euclid Ave,Camp Mountain,QL,4520,07-8661-4016,0429-746-524,kent_ivans@yahoo.com,http://www.demernormannsmithltd.com.au
Keshia,Wasp,"Cole, Gary D Esq",75 E Main,Adelaide River,NT,846,08-1683-9243,0439-885-729,kwasp@wasp.net.au,http://www.colegarydesq.com.au
Kimberely,Weyman,Scientific Agrcltl Svc Inc,7721 Harrison St,Kingsway West,NS,2208,02-7091-8948,0441-151-810,kweyman@weyman.com.au,http://www.scientificagrcltlsvcinc.com.au
Kirby,Litherland,Cross Western Store,92 South St,Alligator Creek,QL,4740,07-5284-3845,0480-676-186,kirby.litherland@hotmail.com,http://www.crosswesternstore.com.au
Kris,Medich,Chieftain Four Inc,94843 Trabold Rd #59,Shannon,TA,7030,03-6589-2556,0469-243-477,kris.medich@hotmail.com,http://www.chieftainfourinc.com.au
Kristian,Ellerbusch,"Butler, Frank B Esq",71585 S Ayon Ave #9,Wanguri,NT,810,08-2748-1250,0442-982-316,kristian@yahoo.com,http://www.butlerfrankbesq.com.au
Kristin,Shiflet,"Jones, Peter B Esq",503 Fulford Ave,Somers,VI,3927,03-4529-7210,0488-223-788,kristin@hotmail.com,http://www.jonespeterbesq.com.au
Laura,Bourbonnais,Kansas Association Ins Agtts,2 N Valley Mills Dr,Cape Portland,TA,7264,03-6543-6688,0491-455-112,laura.bourbonnais@yahoo.com,http://www.kansasassociationinsagtts.com.au
Lauran,Tovmasyan,United Christian Cmnty Crdt Un,199 Maple Ave,Boolaroo,NS,2284,02-2546-5344,0459-680-488,ltovmasyan@tovmasyan.net.au,http://www.unitedchristiancmntycrdtun.com.au
Laurene,Bennett,Elbin Internatl Baskets,5 Richmond Ct,North Perth,WA,6906,08-2969-2908,0468-234-875,laurene_bennett@gmail.com,http://www.elbininternatlbaskets.com.au
Lavonne,Esco,Ansaring Answering Service,377 Excalibur Dr,East Melbourne,VI,3002,03-3474-2120,0444-359-546,lavonne.esco@yahoo.com,http://www.ansaringansweringservice.com.au
Leah,Milsap,"Schwartz, Seymour I Md",45 Mountain View Ave,Lower Hermitage,SA,5131,08-4040-9192,0452-193-155,leah@milsap.com.au,http://www.schwartzseymourimd.com.au
Leigha,Capelli,Saturn Of Delray,8039 Howard Ave,East Toowoomba,QL,4350,07-4823-9785,0432-580-634,leigha.capelli@capelli.com.au,http://www.saturnofdelray.com.au
Lillian,Dominique,West Pac Environmental Inc,92417 Arbuckle Ct,Julia Creek,QL,4823,07-3594-6592,0490-548-561,lillian@hotmail.com,http://www.westpacenvironmentalinc.com.au
Lindsey,Rathmann,Pakzad Advertising,5 Main St,Kongorong,SA,5291,08-1269-1489,0499-741-651,lindsey_rathmann@rathmann.com.au,http://www.pakzadadvertising.com.au
Ling,Dibello,Reese Press Inc,6 Monte Ave,Beelbi Creek,QL,4659,07-1330-6750,0444-175-406,ling_dibello@yahoo.com,http://www.reesepressinc.com.au
Linsey,Gedman,Eagle Computer Services Inc,1529 Prince Rodgers Ave,Kennedy,QL,4816,07-4785-3781,0433-965-131,lgedman@gedman.net.au,http://www.eaglecomputerservicesinc.com.au
Lou,Kriner,"Joondeph, Jerome J Esq",39 Broad St,Seaforth,NS,2092,02-7328-3350,0496-387-592,lou.kriner@hotmail.com,http://www.joondephjeromejesq.com.au
Louann,Susmilch,M Sorkin Sanford Associates,6 Lafayette St #3034,Wyandra,QL,4489,07-5035-4889,0489-594-290,louann_susmilch@yahoo.com,http://www.msorkinsanfordassociates.com.au
Lynda,Lazzaro,Funding Equity Corp,20214 W Main St,Macks Creek,VI,3971,03-4933-4205,0472-315-303,lynda.lazzaro@gmail.com,http://www.fundingequitycorp.com.au
Madelyn,Maestri,Mervis Steel Co,60 S 4th St,Rouse Hill,NS,2155,02-2129-8131,0413-115-438,madelyn.maestri@yahoo.com,http://www.mervissteelco.com.au
Malcolm,Gohlke,Imagelink,53247 Montgomery St #36,Southtown,QL,4350,07-9826-3950,0450-887-422,malcolm@yahoo.com,http://www.imagelink.com.au
Malcom,Leja,"Johnsen, Robert U Esq",56232 Hohman Ave,Officer,VI,3809,03-2477-9133,0412-417-394,malcom@leja.com.au,http://www.johnsenrobertuesq.com.au
Marcos,Seniff,Arizona Equipment Trnsprt Inc,228 S Tyler St,Emerald,VI,3782,03-6340-5010,0464-786-310,marcos_seniff@gmail.com,http://www.arizonaequipmenttrnsprtinc.com.au
Mariko,Stayer,"Inabinet, Macre Esq",534 Schoenborn St #51,Hamel,WA,6215,08-5558-9019,0427-885-282,mariko_stayer@hotmail.com,http://www.inabinetmacreesq.com.au
Mary,Dingler,Autocrat Inc,470 W Irving Park Rd,Bundaberg North,QL,4670,07-3963-4469,0452-920-972,mary.dingler@gmail.com,http://www.autocratinc.com.au
Mary,Irene,Superior Trading Co,3 N Michigan Ave,Warding East,WA,6405,08-8012-6469,0411-620-740,mirene@gmail.com,http://www.superiortradingco.com.au
Maryann,Tates,Dalbec Agency Inc,75700 Academy Rd,Cramphorne,WA,6420,08-1520-4093,0479-474-917,mtates@yahoo.com,http://www.dalbecagencyinc.com.au
Marylou,Lofts,"Lally, Lawrence D Esq",812 Berry Blvd #96,Houston,VI,3128,03-1765-4584,0473-727-909,marylou_lofts@lofts.com.au,http://www.lallylawrencedesq.com.au
Matilda,Peleg,A & D Pallet Co,708 S Wilson Way,Weymouth,TA,7252,03-1130-5685,0481-222-272,matilda.peleg@hotmail.com,http://www.adpalletco.com.au
Maybelle,Bewley,Angelo International,387 Airway Cir #62,Mapleton,QL,4560,07-9387-7293,0448-221-640,mbewley@yahoo.com,http://www.angelointernational.com.au
Mayra,Bena,"Buelt, David L Esq",808 Glen Cove Ave,Lane Cove,NS,1595,02-1455-6085,0453-666-885,mayra.bena@gmail.com,http://www.bueltdavidlesq.com.au
Melinda,Fellhauer,Sterling Institute,8275 Calle De Industrias,Wayatinah,TA,7140,03-4387-3800,0493-258-647,melinda_fellhauer@fellhauer.com.au,http://www.sterlinginstitute.com.au
Micaela,Shiflett,W R Grace & Co,4 Commerce Center Dr,Nailsworth,SA,5083,08-8856-8589,0451-514-152,micaela_shiflett@shiflett.com.au,http://www.wrgraceco.com.au
Micah,Shear,United Water Resources Inc,324 Shawnee Mission Pky,Scaddan,WA,6447,08-6270-6829,0432-703-516,mshear@hotmail.com,http://www.unitedwaterresourcesinc.com.au
Michael,Orehek,"Robinson, Michael C Esq",892 Sw Broadway #8,Millers Point,NS,2000,02-1919-1709,0482-613-598,michael_orehek@gmail.com,http://www.robinsonmichaelcesq.com.au
Micheal,Ocken,New Orleans Credit Service Inc,4 E Aven #284,Freemans Waterhole,NS,2323,02-9828-4921,0449-668-295,micheal.ocken@ocken.net.au,http://www.neworleanscreditserviceinc.com.au
Michel,Hoyne,B & B Environmental Inc,11408 Green St,Elizabeth West,SA,5113,08-6183-9260,0481-466-206,michel@hoyne.com.au,http://www.bbenvironmentalinc.com.au
Mickie,Upton,Oakey & Oakey Abstrct Burnett,900 W Wood St,Barmaryee,QL,4703,07-7647-5420,0499-576-666,mickie.upton@yahoo.com,http://www.oakeyoakeyabstrctburnett.com.au
Millie,Pirkl,"Mann, Charles E Esq",31 Schuyler Ave,Sovereign Hill,VI,3350,03-6023-2680,0410-688-713,millie_pirkl@gmail.com,http://www.manncharleseesq.com.au
Ming,Thaxton,Chem Aqua,8 N Town East Blvd,Forrest,VI,3236,03-4010-1900,0486-557-304,mthaxton@gmail.com,http://www.chemaqua.com.au
Nadine,Okojie,"Hirsch, Walter W Esq",56 Tank Farm Rd,Kukerin,WA,6352,08-9746-2341,0424-801-736,nadine.okojie@okojie.com.au,http://www.hirschwalterwesq.com.au
Nickole,Derenzis,Lehigh Furn Divsn Lehigh,2 Pompton Ave,Berowra Heights,NS,2082,02-5573-6627,0480-120-597,nderenzis@hotmail.com,http://www.lehighfurndivsnlehigh.com.au
Nikita,Novosel,Universal Granite & Marble Inc,70 W Market St #20,Hamlyn Heights,VI,3215,03-5716-1053,0470-886-805,nikita_novosel@novosel.net.au,http://www.universalgranitemarbleinc.com.au
Norah,Daleo,Gateway Refrigeration,754 Sammis Ave,Kotara Fair,NS,2289,02-5322-6127,0462-327-613,ndaleo@daleo.net.au,http://www.gatewayrefrigeration.com.au
Oren,Lobosco,Vei Inc,1585 Salem Church Rd #59,Dangar Island,NS,2083,02-5046-1307,0495-838-492,olobosco@hotmail.com,http://www.veiinc.com.au
Paris,Tuccio,Nancy Brandon Realtor,2677 S Jackson St,Kidman Park,SA,5025,08-8868-2010,0417-281-870,paris.tuccio@hotmail.com,http://www.nancybrandonrealtor.com.au
Paris,Kinnison,Saratoga Land Office,2 Old Corlies Ave,Eastern Heights,QL,4305,07-4518-4450,0454-257-906,paris.kinnison@gmail.com,http://www.saratogalandoffice.com.au
Paulina,Maker,Swanson Peterson Fnrl Home Inc,6 S Hanover Ave,Maylands,WA,6931,08-8344-8929,0420-123-282,paulina_maker@maker.net.au,http://www.swansonpetersonfnrlhomeinc.com.au
Pearlene,Boudrie,Design Rite Homes Inc,8978 W Henrietta Rd,Minden,QL,4311,07-4463-7223,0462-627-260,pboudrie@boudrie.net.au,http://www.designritehomesinc.com.au
Quinn,Weissbrodt,Economy Stainless Supl Co Inc,7659 Market St,Premer,NS,2381,02-7239-9923,0432-253-912,qweissbrodt@weissbrodt.com.au,http://www.economystainlesssuplcoinc.com.au
Rachael,Crawley,Stamell Tabacco & Schager,82 Hopkins Plz,Inkpen,WA,6302,08-2089-8553,0459-738-842,rachael@gmail.com,http://www.stamelltabaccoschager.com.au
Raelene,Legeyt,Barter Systems Inc,8818 Century Park E #33,Oak Park,VI,3046,03-4878-1766,0463-745-755,raelene@gmail.com,http://www.bartersystemsinc.com.au
Rebbecca,Didio,"Brandt, Jonathan F Esq",171 E 24th St,Leith,TA,7315,03-8174-9123,0458-665-290,rebbecca.didio@didio.com.au,http://www.brandtjonathanfesq.com.au
Rebeca,Baley,R A C E Enterprises Inc,9591 Bayshore Rd #637,Mirrool,NS,2665,02-7049-7728,0486-736-129,rebeca_baley@hotmail.com,http://www.raceenterprisesinc.com.au
Reita,Tabar,Cooper Myers Y Co,79620 Timber Dr,Arthurville,NS,2820,02-3518-7078,0431-669-863,rtabar@hotmail.com,http://www.coopermyersyco.com.au
Reta,Qazi,American Pie Co Inc,1351 Simpson St,Maffra,VI,3860,03-1974-9948,0446-105-779,reta.qazi@yahoo.com,http://www.americanpiecoinc.com.au
Reuben,Hegland,Welders Supply Service Inc,6 W 39th St,Milton,NS,2538,02-1402-5215,0489-476-500,reuben@yahoo.com,http://www.welderssupplyserviceinc.com.au
Rolf,Gene,"Jolley, Mark A Cpa",99968 Merced St #79,Flinders,NS,2529,02-4458-2810,0482-882-653,rolf_gene@gene.com.au,http://www.jolleymarkacpa.com.au
Ronald,Grube,Deep Creek Pharmacy,73778 Battery St,Happy Valley,SA,5159,08-3305-5436,0457-126-909,ronald.grube@yahoo.com,http://www.deepcreekpharmacy.com.au
Rose,Jebb,Old Cider Mill Grove,27916 Tarrytown Rd,Wooloowin,QL,4030,07-4941-9471,0496-441-929,rose@jebb.net.au,http://www.oldcidermillgrove.com.au
Rosina,Sidhu,Anchorage Yamaha,660 N Green St,Burpengary,QL,4505,07-6460-4488,0458-753-924,rosina_sidhu@gmail.com,http://www.anchorageyamaha.com.au
Rossana,Biler,Norfolk County Newton Lung,60481 N Clark St,Lee Point,NT,810,08-9855-2125,0461-569-843,rossana.biler@biler.net.au,http://www.norfolkcountynewtonlung.com.au
Roy,Nybo,Phoenix Phototype,823 Fishers Ln,Red Hill,AC,2603,02-5311-7778,0416-394-795,rnybo@nybo.net.au,http://www.phoenixphototype.com.au
Rupert,Hinkson,Northwestern Mutual Life Ins,1 E 17th St,East Gosford,NS,2250,02-7160-2066,0489-430-358,rupert_hinkson@hinkson.net.au,http://www.northwesternmutuallifeins.com.au
Ruth,Niglio,Amberley Suite Hotels,6 W Cornelia Ave,Orange Hill,QL,4455,07-5128-8956,0428-843-553,ruth.niglio@hotmail.com,http://www.amberleysuitehotels.com.au
Ryann,Riston,Best Western Gloucester Inn,38494 Port Reading Ave,Milton,QL,4064,07-9920-3550,0423-341-752,ryann@hotmail.com,http://www.bestwesterngloucesterinn.com.au
Sabrina,Rabena,Joyces Submarine Sandwiches,327 Ward Pky,Bayles,VI,3981,03-5662-3542,0486-768-529,sabrina_rabena@hotmail.com,http://www.joycessubmarinesandwiches.com.au
Samuel,Arellanes,"Ryan, Barry M Esq",286 Santa Rosa Ave,Lane Cove,NS,1595,02-7995-6787,0446-710-661,samuel.arellanes@arellanes.net.au,http://www.ryanbarrymesq.com.au
Scot,Jarva,Biancas La Petite French Bkry,68 Camden Rd,Kingswood,NS,2550,02-9676-4462,0445-480-672,scot.jarva@jarva.com.au,http://www.biancaslapetitefrenchbkry.com.au
Selma,Elm,"Preston, Anne M Esq",6787 Emerson St,Woolamai,VI,3995,03-9183-9493,0418-581-770,selm@elm.net.au,http://www.prestonannemesq.com.au
Shaun,Rael,House Of Ing,14304 Old Alexandria Ferry Rd,Buninyong,VI,3357,03-8998-5485,0498-627-281,shaun.rael@rael.com.au,http://www.houseofing.com.au
Shawn,Weibe,"Feutz, James F Esq",4 Middletown Blvd #33,Camena,TA,7316,03-9480-9611,0456-595-946,shawn@hotmail.com,http://www.feutzjamesfesq.com.au
Shawn,Vugteveen,Shine,81 Us Highway 9,Etty Bay,QL,4858,07-3103-8372,0480-561-819,svugteveen@vugteveen.net.au,http://www.shine.com.au
Shawna,Albrough,"Wood, J Scott Esq",43157 Cypress St,Ringwood,QL,4343,07-7977-6039,0441-255-802,shawna.albrough@albrough.com.au,http://www.woodjscottesq.com.au
Shayne,Sundahl,"Jaywork, John Terence Esq",5614 Public Sq,Normanville,SA,5204,08-8587-1196,0443-386-213,shayne.sundahl@gmail.com,http://www.jayworkjohnterenceesq.com.au
Sherill,Klar,Midway Hotel,87 Sylvan Ave,Nyamup,WA,6258,08-6522-8931,0427-991-688,sklar@hotmail.com,http://www.midwayhotel.com.au
Skye,Culcasi,Sullivan & Associates Ltd,82655 Shawnee Mission Pky #5798,Barnawartha,VI,3688,03-9075-3104,0451-601-420,skye_culcasi@hotmail.com,http://www.sullivanassociatesltd.com.au
Stefan,Mongolo,Keith Altizer & Company Pa,2 Pennington St,Port Adelaide,SA,5015,08-4563-6214,0495-777-435,stefan_mongolo@mongolo.net.au,http://www.keithaltizercompanypa.com.au
Stephanie,Connon,Printing Delite,297 8th Ave S #9,Gumly Gumly,NS,2652,02-5725-5992,0416-443-185,stephania.connon@connon.com.au,http://www.printingdelite.com.au
Stevie,Hallo,Landrum Temporary Services,22222 Acoma St,Proston,QL,4613,07-9997-3366,0497-622-620,stevie.hallo@hotmail.com,http://www.landrumtemporaryservices.com.au
Summer,Agar,Poole Publications Inc,3 N Ridge Ave,Kadina,SA,5554,08-9130-3372,0486-599-199,sagar@agar.net.au,http://www.poolepublicationsinc.com.au
Susana,Baumgarter,"Leigh, Lewis R Esq",7 Elm Ave,Yanco,NS,2703,02-5410-5137,0491-209-954,susana.baumgarter@yahoo.com,http://www.leighlewisresq.com.au
Suzan,Landa,Vista Grande Baptist Church,15 Campville Rd #191,Clermont,QL,4721,07-1576-1412,0471-251-939,suzan.landa@gmail.com,http://www.vistagrandebaptistchurch.com.au
Tabetha,Bai,Howard Johnson,2 Gateway Ctr,Upper Mount Gravatt,QL,4122,07-6813-6477,0438-141-107,tabetha.bai@gmail.com,http://www.howardjohnson.com.au
Tashia,Charney,"Gallagher, Owen Esq",9 13th Ave S,Shailer Park,QL,4128,07-7659-5711,0450-769-383,tashia.charney@charney.net.au,http://www.gallagherowenesq.com.au
Tegan,Ebershoff,Multiform Business Printing,28 Aaronwood Ave Ne,Coombell,NS,2470,02-6604-9720,0499-760-910,tegan_ebershoff@hotmail.com,http://www.multiformbusinessprinting.com.au
Tomas,Fults,Test Tools Inc,3 Hwy 61 #2491,Mirani,QL,4754,07-1536-4805,0473-757-584,tomas_fults@fults.net.au,http://www.testtoolsinc.com.au
Tommy,Gennusa,Cooper And Raley,2 New Brooklyn Rd,Concord West,NS,2138,02-5444-1961,0498-290-826,tommy@hotmail.com,http://www.cooperandraley.com.au
Tori,Tepley,Mcwhirter Realty Corp,1036 Malone Rd,Uarbry,NS,2329,02-2493-1870,0449-807-281,tori@tepley.net.au,http://www.mcwhirterrealtycorp.com.au
Torie,Deras,"Reynolds, Stephen R Esq",700 Factory Ave #5649,Yeppoon,QL,4703,07-8371-4719,0426-991-115,torie_deras@yahoo.com,http://www.reynoldsstephenresq.com.au
Tracie,Huro,Jin Shin Travel Agency,39701 6th Ave #1485,Pacific Heights,QL,4703,07-1951-6787,0494-620-234,thuro@gmail.com,http://www.jinshintravelagency.com.au
Trina,Oto,N Amer Plast & Chemls Co Inc,6149 Kapiolani Blvd #6,Placid Hills,QL,4343,07-1153-8567,0460-377-727,trina@oto.com.au,http://www.namerplastchemlscoinc.com.au
Trina,Bakey,Dewitt Cnty Fed Svngs & Ln,31 Guilford Rd #7904,Duaringa,QL,4712,07-5922-1983,0495-376-112,tbakey@bakey.com.au,http://www.dewittcntyfedsvngsln.com.au
Vanesa,Glockner,"Nelson, Michael J Esq",28220 Park Avenue W,Taragoola,QL,4680,07-7052-4547,0496-610-278,vanesa@glockner.com.au,http://www.nelsonmichaeljesq.com.au
Victor,Laroia,Midwest Marketing Inc,166 N Maple Dr,Scotts Head,NS,2447,02-8156-6969,0421-987-667,victor@laroia.net.au,http://www.midwestmarketinginc.com.au
Vince,Siena,Vincent J Petti & Co,70 S 18th Pl,Purrawunda,QL,4356,07-3184-9989,0411-732-965,vince_siena@yahoo.com,http://www.vincentjpettico.com.au
Wilbert,Beckes,"Alvis, John W Esq",2799 Cajon Blvd,East Nanango,QL,4615,07-9178-6430,0455-947-547,wilbert@hotmail.com,http://www.alvisjohnwesq.com.au
William,Devol,Low Country Kitchen & Bath,35 Jefferson Ave,Goondi Hill,QL,4860,07-4963-5297,0485-183-917,wdevol@devol.net.au,http://www.lowcountrykitchenbath.com.au
Zack,Warman,Roswell Honda Partners,9181 E 26th St,Kensington Park,SA,5068,08-9948-2940,0414-749-850,zwarman@gmail.com,http://www.roswellhondapartners.com.au
Zena,Daria,Kszl Am Radio,57245 W Union Blvd #25,Ivanhoe East,VI,3079,03-2822-8156,0466-820-981,zdaria@gmail.com,http://www.kszlamradio.com.au